{
  "status": "fail",
  "n_holdout": 1320,
  "n_failed_load": 0,
  "model_path": "C:\\Users\\zzyy\\Desktop\\ahbu\\30-implement\\ecg-ppg-realworld\\runs\\p4_xresnet1d50_3ep_1777794874.pt",
  "temperature_path": "C:\\Users\\zzyy\\Desktop\\ahbu\\30-implement\\ecg-ppg-realworld\\runs\\p4_temperature_1777794874.json",
  "T": 1.0334,
  "T_in_range_1_5": true,
  "T_high_flag_gt_5": false,
  "brier_uncalibrated": 0.45278,
  "brier_calibrated": 0.45269,
  "ece_uncalibrated": 0.03798,
  "ece_calibrated": 0.039,
  "ece_improved": false,
  "mean_reliability_gap_uncalibrated": 0.13705,
  "mean_reliability_gap_calibrated": 0.14862,
  "diagram_improved": false,
  "reliability_png": "C:\\Users\\zzyy\\Desktop\\ahbu\\30-implement\\ecg-ppg-realworld\\runs\\p5_reliability_1777795103.png",
  "n_bins": 15,
  "reliability_uncalibrated": {
    "bin_edges": [
      0.0,
      0.06666666666666667,
      0.13333333333333333,
      0.2,
      0.26666666666666666,
      0.3333333333333333,
      0.4,
      0.4666666666666667,
      0.5333333333333333,
      0.6,
      0.6666666666666666,
      0.7333333333333333,
      0.8,
      0.8666666666666667,
      0.9333333333333333,
      1.0
    ],
    "accuracy": [
      null,
      null,
      null,
      null,
      null,
      0.5416666666666666,
      0.36363636363636365,
      0.5806451612903226,
      0.49137931034482757,
      0.6301369863013698,
      0.688,
      0.7717717717717718,
      0.8502415458937198,
      0.5833333333333334,
      0.3333333333333333
    ],
    "confidence": [
      null,
      null,
      null,
      null,
      null,
      0.3811105489730835,
      0.43793821334838867,
      0.49825796484947205,
      0.5656911730766296,
      0.6366118788719177,
      0.7022673487663269,
      0.7678823471069336,
      0.8259944915771484,
      0.8815336227416992,
      0.9652472734451294
    ],
    "count": [
      0,
      0,
      0,
      0,
      0,
      24,
      99,
      124,
      116,
      146,
      250,
      333,
      207,
      12,
      9
    ]
  },
  "reliability_calibrated": {
    "bin_edges": [
      0.0,
      0.06666666666666667,
      0.13333333333333333,
      0.2,
      0.26666666666666666,
      0.3333333333333333,
      0.4,
      0.4666666666666667,
      0.5333333333333333,
      0.6,
      0.6666666666666666,
      0.7333333333333333,
      0.8,
      0.8666666666666667,
      0.9333333333333333,
      1.0
    ],
    "accuracy": [
      null,
      null,
      null,
      null,
      null,
      0.5,
      0.37254901960784315,
      0.5813953488372093,
      0.48760330578512395,
      0.6709677419354839,
      0.6931818181818182,
      0.7764350453172205,
      0.8435754189944135,
      0.6666666666666666,
      0.14285714285714285
    ],
    "confidence": [
      null,
      null,
      null,
      null,
      null,
      0.38106951117515564,
      0.43715083599090576,
      0.49815404415130615,
      0.5668230056762695,
      0.6378757953643799,
      0.7020696997642517,
      0.7666527032852173,
      0.8238826394081116,
      0.9081656336784363,
      0.9701031446456909
    ],
    "count": [
      0,
      0,
      0,
      0,
      0,
      26,
      102,
      129,
      121,
      155,
      264,
      331,
      179,
      6,
      7
    ]
  },
  "pilot": "P-5",
  "spec": "20-plan/ecg-ppg-realworld/pilots-README.md#P-5"
}